name,link,address,phone,firm_reference_number,status,email
South Herts Financial Services Limited,https://register.fca.org.uk/ShPo_FirmDetailsPage?id=001b000000g8KTQAA2,7a Forum Place           Fiddlebridge Lane                                 Hatfield           AL10 0RN           UNITED KINGDOM,44 1707268382,654689,Authorised,john.wells@shfs.co.uk
The Mortgage Centre (Home Counties) Limited,https://register.fca.org.uk/ShPo_FirmDetailsPage?id=001b000000MfIeUAAV,10 Crawford Road                                            Hatfield           AL10 0PG           UNITED KINGDOM,44 01707262908,193363,Appointed representative,
Plan4You Ltd,https://register.fca.org.uk/ShPo_FirmDetailsPage?id=001b000003Jiu4kAAB,Great North Business Centre           82 Great North Road                                 Hatfield           AL9 5BL           UNITED KINGDOM,+44 07976698273,740372,Appointed representative,
Hertfordshire Chamber of Commerce & Industry,https://register.fca.org.uk/ShPo_FirmDetailsPage?id=001b000000MfIPZAA3,MacLaurin Building           4 Bishops Square                                 Hatfield           AL10 9NE           UNITED KINGDOM,44 01707398400,194864,Appointed representative - introducer,enquires@hertschamber.com
One Life Wealth Planning Ltd,https://register.fca.org.uk/ShPo_FirmDetailsPage?id=001b000000NMRGoAAP,Mosquito Way                                            Hatfield           AL10 9AX           UNITED KINGDOM,+44 01707262541,517067,Authorised,nickevans@onelifewealth.co.uk
Michael Sheehy,https://register.fca.org.uk/ShPo_FirmDetailsPage?id=001b000000MfIq3AAF,43 Selwyn Crescent                                            Hatfield           AL10 9NW           UNITED KINGDOM,44 01707275775,200193,Appointed representative,sheehywhite@ntlworld.com
Bakers, Food & Allied Workers' Union,https://register.fca.org.uk/ShPo_FirmDetailsPage?id=001b000000MfVuFAAV,Stanborough House           Great North Road                                 Welwyn Garden City           AL8 7TA           UNITED KINGDOM,44 01707260150,401799,Appointed representative - introducer,
Domain Finance Limited,https://register.fca.org.uk/ShPo_FirmDetailsPage?id=001b000000MfMWKAA3,17 Sleapcross Gardens           Smallford                                 St. Albans           AL4 0RX           UNITED KINGDOM,44 08458380140,214936,Appointed representative,
Alan Merrill,https://register.fca.org.uk/ShPo_FirmDetailsPage?id=001b000000NMYZ0AAP,49 Woodhall Lane                                            Welwyn Garden City           AL7 3TB           UNITED KINGDOM, 07813572584,592432,Appointed representative - introducer,abmerrill43@gmail.com
1 Leta Finance Ltd,https://register.fca.org.uk/ShPo_FirmDetailsPage?id=0010X00004D7e7wQAB,5 Little Lake                                            Welwyn Garden City           AL7 4RT           UNITED KINGDOM,+44 07902982434,812416,Appointed representative,eoguno@1letfinance.com
Omni Financial Limited,https://register.fca.org.uk/ShPo_FirmDetailsPage?id=001b000003IN6clAAD,Unit D2 The Courtyard Alban Park Hatfield Road                                            St. Albans           AL4 0LA           UNITED KINGDOM,44 1727223251,737468,Authorised,guy.swinnerton@omni-financial.co.uk
Beechwood Financial Services Limited,https://register.fca.org.uk/ShPo_FirmDetailsPage?id=001b000000lB4wuAAC,2nd Floor           Gate House           Fretherne Road                      Welwyn Garden City           AL8 6NS           UNITED KINGDOM,44 1707336539,677641,Authorised,phil@beechwoodfs.co.uk
Bounty (UK) Ltd,https://register.fca.org.uk/ShPo_FirmDetailsPage?id=001b000000MfQ9bAAF,29 Broadwater Road                                            Welwyn Garden City           AL7 3BQ           UNITED KINGDOM,+44 01707294041,222169,Appointed representative - introducer,gburt@bounty.com
Strategy Financial Limited,https://register.fca.org.uk/ShPo_FirmDetailsPage?id=001b000000MfcGJAAZ,Weltech Business Centre Ridgeway                                            Welwyn Garden City           AL7 2AA           UNITED KINGDOM,44 01707323388,431155,Appointed representative,
City Capital Markets Ltd,https://register.fca.org.uk/ShPo_FirmDetailsPage?id=001b000000MfiYrAAJ,Orion House Bessemer Road                                            Welwyn Garden City           AL7 1HH           UNITED KINGDOM,+44 01707800992,482324,Authorised,m.lockwood1@btinternet.com
Vita Financial Planning Ltd,https://register.fca.org.uk/ShPo_FirmDetailsPage?id=001b000000NMhLEAA1,Orion House           Bessemer Road                                 Welwyn Garden City           AL7 1HH           UNITED KINGDOM,+44 01707244450,597852,Appointed representative,info@vitafp.co.uk
Columbus Twenty Three Ltd,https://register.fca.org.uk/ShPo_FirmDetailsPage?id=001b000000NMQsbAAH,45 Moffats Lane           Brookmans Park                                 Hatfield           AL9 7RX           UNITED KINGDOM,+44 02037457355,511506,Appointed representative,
Priyanka Singh,https://register.fca.org.uk/ShPo_FirmDetailsPage?id=001b000003ZbFsGAAV,13 Appletree Way                                            Welwyn Garden City           AL7 2FE           UNITED KINGDOM,+44 07540357313,764863,Appointed representative,
Stem Financial Services,https://register.fca.org.uk/ShPo_FirmDetailsPage?id=001b000000MfgkpAAB,51 Elm Drive                                            St. Albans           AL4 0EH           UNITED KINGDOM,44 01442244686,457713,Authorised,steve@stemfs.co.uk
Kings Financial Management Ltd,https://register.fca.org.uk/ShPo_FirmDetailsPage?id=001b000003Jk6nlAAB,10 Hazelwood Drive                                            St. Albans           AL4 0UW           UNITED KINGDOM,+44 07712837473,741507,Appointed representative,
Alban Wealth LLP,https://register.fca.org.uk/ShPo_FirmDetailsPage?id=001b000000WAOOBAA5,Box 791           St Albans           Wheathampstead                      St. Albans           AL4 8XG           UNITED KINGDOM,44 1727220321,624670,Authorised,paula@paulacohen.co.uk
John Cottrell,https://register.fca.org.uk/ShPo_FirmDetailsPage?id=001b000000nS5rLAAS,15 Pitsfield                                            Welwyn Garden City           AL8 7SJ           UNITED KINGDOM,+44 01707376585,685333,Appointed representative - introducer,
Green Leaf Mortgages Limited,https://register.fca.org.uk/ShPo_FirmDetailsPage?id=001b000000MfYbrAAF,31 Newfield Way                                            St. Albans           AL4 0GB           UNITED KINGDOM, 01727852673,438392,Appointed representative,
Complete Plant Hire Ltd,https://register.fca.org.uk/ShPo_FirmDetailsPage?id=001b000000OHKFIAA5,Cole Green Works Cole Green                                            Hertford           Sg14 2nl           UNITED KINGDOM,44 01707329655,613740,Appointed representative,sales@completeplant.co.uk
Consolidated Financial Management Limited,https://register.fca.org.uk/ShPo_FirmDetailsPage?id=001b000000MfUNyAAN,Centurion Court           83 Camp Road                                 St. Albans           AL1 5JN           UNITED KINGDOM,44 01727858136,400603,Authorised,gary@consolidatedfinancialmanagement.com
Avidity Wealth Management Ltd,https://register.fca.org.uk/ShPo_FirmDetailsPage?id=001b000000NMcD0AAL,Suite one           Phoenix House           63 Campfield Road           St Albans                      AL1 5FL           UNITED KINGDOM, 01727898880,556041,Appointed representative,tim@aviditywealthmanagement.com
Gemmell Financial Services Limited,https://register.fca.org.uk/ShPo_FirmDetailsPage?id=001b000000MfoiEAAR,9 Sandridge Park           Porters Wood                                 St Albans           al3 6ph           UNITED KINGDOM,44 01727790800,465096,Authorised,clair@gemmell.plus.com
Stephen Savill,https://register.fca.org.uk/ShPo_FirmDetailsPage?id=001b000003uHB3jAAG,2 Greenways           Digswell                                 Welwyn           AL6 0EE           UNITED KINGDOM,+44 01702431130,785204,Appointed representative,
Pharmaceutical and General Provident Society Ltd,https://register.fca.org.uk/ShPo_FirmDetailsPage?id=001b000000MfFaiAAF,11 Parkway           Porters Wood                                 St. Albans           AL3 6PA           UNITED KINGDOM,44 01727840095,110023,Authorised,andrew.bowater@pgmutual.co.uk
Trinity Wealth Management Limited,https://register.fca.org.uk/ShPo_FirmDetailsPage?id=001b000000MfL0tAAF,Cedar Court           6c Parkway           Porters Wood                      St. Albans           AL3 6PA           UNITED KINGDOM,44 01727851123,206188,Appointed representative,graham.cleveland@twm.uk.com
Trinity WM Limited,https://register.fca.org.uk/ShPo_FirmDetailsPage?id=001b000000iA2plAAC,Cedar Court           6c Parkway           Porters Wood                      St. Albans           AL3 6PA           UNITED KINGDOM,+44 01727851123,663639,Appointed representative,
Goldmine Solutions LLP,https://register.fca.org.uk/ShPo_FirmDetailsPage?id=001b000003tbupbAAA,6B Parkway           Porters Wood                                 St Albans           AL3 6PA           UNITED KINGDOM,+44 01727815125,788429,Appointed representative - introducer,
Edwards Associates Advice LLP,https://register.fca.org.uk/ShPo_FirmDetailsPage?id=001b000000NMhbTAAT,                                                       , ,609064,Authorised,
Adam Turner,https://register.fca.org.uk/ShPo_FirmDetailsPage?id=0010X00004JAvQoQAL,26 Warwick Road                                            St. Albans           AL1 4DL           UNITED KINGDOM,+44 07886032279,827813,Appointed representative,
NK Financial Management Limited,https://register.fca.org.uk/ShPo_FirmDetailsPage?id=001b000000NMYX1AAP,Unit 12c           Stanta Business Centre 3 Soothouse Spring                                 St. Albans           AL3 6PF           UNITED KINGDOM,44 01727855607,552630,Authorised,nick@nkfm.co.uk
Lumin Insurance Solutions Limited,https://register.fca.org.uk/ShPo_FirmDetailsPage?id=0010X00004D9I5tQAF,Lumin Wealth Unit 5           Sandridge Park           Porters Wood                      St. Albans           AL3 6PH           UNITED KINGDOM,+44 1727893333,813751,Appointed representative,
Aqua Wealth Management Limited,https://register.fca.org.uk/ShPo_FirmDetailsPage?id=001b000000NMeu7AAD,Heath House           156a Sandridge Road           St Albans                      Herts           AL1 4AP           UNITED KINGDOM,44 01727899244,578609,Authorised,info@aquawm.co.uk
Johan Fraser Associates Ltd,https://register.fca.org.uk/ShPo_FirmDetailsPage?id=001b000000NMj5DAAT,9 Hilltop View                      Wheathampstead                      St Albans           al4 8aj           UNITED KINGDOM, ,602268,Appointed representative - introducer,
Clear Accountancy Solutions Ltd,https://register.fca.org.uk/ShPo_FirmDetailsPage?id=001b000000OHJnxAAH,Suite 64 The Enterprise Centre           Cranborne Road                                 Potters Bar           EN6 3DQ           UNITED KINGDOM,+44 02071176435,613390,Appointed representative,jb@clear-as.com
Buckley Wealth Limited,https://register.fca.org.uk/ShPo_FirmDetailsPage?id=001b000000R6r8tAAB,Fountain Court           2 Victoria Square           Victoria Street                      St Albans           AL1 3TF           UNITED KINGDOM,+44 07879384599,618213,Appointed representative,david@bw-ifa.co.uk
Pranaflow Limited,https://register.fca.org.uk/ShPo_FirmDetailsPage?id=001b000003UdNSBAA3,Fountain Court           2 Victoria Square           Victoria Street                      St. Albans           AL1 3TF           UNITED KINGDOM,44 7802503136,758751,Authorised,tim@flowifp.co.uk
Capital Deposit Limited,https://register.fca.org.uk/ShPo_FirmDetailsPage?id=001b000000MfbhFAAR,54 The Enterprise Centre           Cranborne Road                                 Potters Bar           EN6 3DQ           UNITED KINGDOM,44 01707645999,419751,See full details,nigel.rowlinson@btconnect.com
GMT Financial Solutions Limited,https://register.fca.org.uk/ShPo_FirmDetailsPage?id=001b000000MfsgLAAR,36 The Enterprise Centre           Cranborne Road                                 Potters Bar           EN6 3DQ           UNITED KINGDOM,44 01707662228,457963,Authorised,gmtfsltd@btconnect.com
Paul Gregor,https://register.fca.org.uk/ShPo_FirmDetailsPage?id=001b000000MfXdkAAF,79 Bornedene           Potters Ba                                            EN6 3EN           UNITED KINGDOM,44 01707260903,231006,Appointed representative,
Birchwood Investment Management Limited,https://register.fca.org.uk/ShPo_FirmDetailsPage?id=001b000000MfEWNAA3,8 Prospect Place                                            Welwyn           AL6 9EN           UNITED KINGDOM,44 1438840888,114617,Authorised,info@birchwoodinvestment.com
Defined Returns Limited,https://register.fca.org.uk/ShPo_FirmDetailsPage?id=001b000000MfVWxAAN,Ziggurat           25 Grosvenor Road                                 St. Albans           AL1 3AW           UNITED KINGDOM,44 01727797811,402135,Authorised,paulbispham@definedreturns.com
Grosvenor Beaumont Financial Services Limited,https://register.fca.org.uk/ShPo_FirmDetailsPage?id=001b000000MfBkDAAV,38 Pinewood Drive                                            Potters Bar           EN6 2BD           UNITED KINGDOM,44 01707660445,446700,Authorised,info@gbfinancial.co.uk
IFPC Limited,https://register.fca.org.uk/ShPo_FirmDetailsPage?id=001b000000MfFpmAAF,Faulkner House           Victoria Street                                 St. Albans           AL1 3SN           UNITED KINGDOM,44 01727837128,144197,Authorised,rbradly@ifpc.co.uk
Searle Wealth Management Ltd,https://register.fca.org.uk/ShPo_FirmDetailsPage?id=001b000000NMkZ4AAL,2 Harmer Dell                                            Digswell           AL6 0BE           UNITED KINGDOM,+44 07885665148,611672,Appointed representative,john.searle@sjpp.co.uk
Simon Jeremy Bailey,https://register.fca.org.uk/ShPo_FirmDetailsPage?id=001b000000NMZkyAAH,2-4 St. Peters Street                                            St. Albans           AL1 3LF           UNITED KINGDOM,44 01727732394,570820,Authorised,chequerfs@btconnect.com
